Product Name,Price,Rating,Product Link,Brand,Category
Slim Fit Casual Men Solid Polo Neck Pure Cotton Light B...,₹754,,https://www.flipkart.com/louis-philippe-jeans-solid-men-polo-neck-light-blue-t-shirt/p/itm86b11c462118f?pid=TSHGSBF6TXFUGJXZ&lid=LSTTSHGSBF6TXFUGJXZ0XFPLE&marketplace=FLIPKART&q=mens+tshirts&store=clo%2Fash%2Fank%2Fedy&srno=s_1_1&otracker=search&fm=organic&iid=en_6xmP3fX7AECNN4j5b2r7QEJG4JgLCs9qTszFDcz595k98a17DtxSYWuyXtjhVAX6_KrQhW0KIYjvIqU6K-NbGrGWeFRNLq0b2jvKn5m5TadVE2FR-fQiu_DPdDs0EUZK&ppt=None&ppn=None&ssid=2ljd0vp3sg0000001791378345391&qH=e5e6f84d749db3eb&ov_redirect=true,Slim,mens tshirts
Men Striped Polo Neck Pure Cotton Beige T-Shirt,₹616,,https://www.flipkart.com/snitch-striped-men-polo-neck-beige-t-shirt/p/itmc127481655293?pid=TSHHQ8FHZT89CJHP&lid=LSTTSHHQ8FHZT89CJHP2SANMH&marketplace=FLIPKART&q=mens+tshirts&store=clo%2Fash%2Fank%2Fedy&srno=s_1_2&otracker=search&fm=organic&iid=en_6xmP3fX7AECNN4j5b2r7QEJG4JgLCs9qTszFDcz595kakufkHkI_IqA4pUgBSbj5FL1C5Yk0cuRloqVrfYuJTxBUPb8yE2JYDp96QJFN4hdVE2FR-fQiu_DPdDs0EUZK&ppt=None&ppn=None&ssid=2ljd0vp3sg0000001791378345391&qH=e5e6f84d749db3eb&ov_redirect=true,Men,mens tshirts
Men Solid Polo Neck Polyester Light Green T-Shirt,₹282,,https://www.flipkart.com/vebnor-solid-men-polo-neck-light-green-t-shirt/p/itm83671e2bbcec7?pid=TSHHMD6B9WZDGB7G&lid=LSTTSHHMD6B9WZDGB7GEWKUKM&marketplace=FLIPKART&q=mens+tshirts&store=clo%2Fash%2Fank%2Fedy&srno=s_1_3&otracker=search&fm=organic&iid=ac40e58c-fa41-4a52-90b3-cd4136100ec9.TSHHMD6B9WZDGB7G.SEARCH&ppt=sp&ppn=sp&ssid=2ljd0vp3sg0000001791378345391&qH=e5e6f84d749db3eb&ov_redirect=true,Men,mens tshirts
Pack of 3 Men Solid Polo Neck Cotton Blend Multicolor T...,₹543,,https://www.flipkart.com/avrie-solid-men-polo-neck-multicolor-t-shirt/p/itm9704a3838abb4?pid=TSHHHXK995DH2A3X&lid=LSTTSHHHXK995DH2A3XAHKDM0&marketplace=FLIPKART&q=mens+tshirts&store=clo%2Fash%2Fank%2Fedy&srno=s_1_4&otracker=search&fm=organic&iid=ac40e58c-fa41-4a52-90b3-cd4136100ec9.TSHHHXK995DH2A3X.SEARCH&ppt=None&ppn=None&ssid=2ljd0vp3sg0000001791378345391&qH=e5e6f84d749db3eb&ov_redirect=true,Pack,mens tshirts
"Pack of 2 Men Self Design Polo Neck Polycotton Black, B...",₹412,,https://www.flipkart.com/combraided-self-design-men-polo-neck-black-brown-t-shirt/p/itm2f8453fa11020?pid=TSHHMF2PU8UBD5UR&lid=LSTTSHHMF2PU8UBD5URGVVWCJ&marketplace=FLIPKART&q=mens+tshirts&store=clo%2Fash%2Fank%2Fedy&srno=s_1_5&otracker=search&fm=organic&iid=en_6xmP3fX7AECNN4j5b2r7QEJG4JgLCs9qTszFDcz595khL4ifePSqC_e69XmMJltGCmirn91xFrE5oGZ7d7cs9NiMQZzIv5POCGKggVYx6sl9Or-Y-9Wb9ACVtU3vpm-v&ppt=None&ppn=None&ssid=2ljd0vp3sg0000001791378345391&qH=e5e6f84d749db3eb&ov_redirect=true,Pack,mens tshirts
Men Solid Polo Neck Pure Cotton Black T-Shirt,₹616,,https://www.flipkart.com/snitch-solid-men-polo-neck-black-t-shirt/p/itm8f6f1eb410b9d?pid=TSHHQ8FH7XF9NVYS&lid=LSTTSHHQ8FH7XF9NVYS0EL8NN&marketplace=FLIPKART&q=mens+tshirts&store=clo%2Fash%2Fank%2Fedy&srno=s_1_6&otracker=search&fm=organic&iid=en_6xmP3fX7AECNN4j5b2r7QEJG4JgLCs9qTszFDcz595nTme7z5XTKYeTPziJVk-D9OBQTvP4npneIQFVkeP1uKYLQZ4XrXknQPnH1hbIVm-8ZYnD-AgkViYdcXNsDru5P&ppt=None&ppn=None&ssid=2ljd0vp3sg0000001791378345391&qH=e5e6f84d749db3eb&ov_redirect=true,Men,mens tshirts
Men Graphic Print Round Neck Polyester Black T-Shirt,₹105,,https://www.flipkart.com/axxitude-graphic-print-men-round-neck-black-t-shirt/p/itmb54e77cbd4db8?pid=TSHHPP8DDP8ZZGHZ&lid=LSTTSHHPP8DDP8ZZGHZ1MSS7G&marketplace=FLIPKART&q=mens+tshirts&store=clo%2Fash%2Fank%2Fedy&spotlightTagId=default_BestsellerId_clo%2Fash%2Fank%2Fedy&srno=s_1_7&otracker=search&fm=organic&iid=ac40e58c-fa41-4a52-90b3-cd4136100ec9.TSHHPP8DDP8ZZGHZ.SEARCH&ppt=None&ppn=None&ssid=2ljd0vp3sg0000001791378345391&qH=e5e6f84d749db3eb&ov_redirect=true,Men,mens tshirts
Men Solid Polo Neck Pure Cotton Navy Blue T-Shirt,₹246,,https://www.flipkart.com/dollar-solid-men-polo-neck-navy-blue-t-shirt/p/itm8e9462226ac91?pid=TSHHDT9BZBGHFEXV&lid=LSTTSHHDT9BZBGHFEXVADXGAE&marketplace=FLIPKART&q=mens+tshirts&store=clo%2Fash%2Fank%2Fedy&srno=s_1_8&otracker=search&fm=organic&iid=ac40e58c-fa41-4a52-90b3-cd4136100ec9.TSHHDT9BZBGHFEXV.SEARCH&ppt=None&ppn=None&ssid=2ljd0vp3sg0000001791378345391&qH=e5e6f84d749db3eb&ov_redirect=true,Men,mens tshirts
"Men Abstract, Graphic Print Round Neck Polyester White ...",₹276,,https://www.flipkart.com/one-7-abstract-graphic-print-men-round-neck-white-t-shirt/p/itm5e57612583eb9?pid=TSHHRFM2NSMMZWYQ&lid=LSTTSHHRFM2NSMMZWYQPJUT30&marketplace=FLIPKART&q=mens+tshirts&store=clo%2Fash%2Fank%2Fedy&srno=s_1_9&otracker=search&fm=organic&iid=ac40e58c-fa41-4a52-90b3-cd4136100ec9.TSHHRFM2NSMMZWYQ.SEARCH&ppt=None&ppn=None&ssid=2ljd0vp3sg0000001791378345391&qH=e5e6f84d749db3eb&ov_redirect=true,Men,mens tshirts
"Men Printed Round Neck Cotton Blend White, Dark Green T...",₹276,,https://www.flipkart.com/force-printed-men-round-neck-white-dark-green-t-shirt/p/itmf1bb70265773a?pid=TSHHMB4KFGG9AYJG&lid=LSTTSHHMB4KFGG9AYJGA41M3H&marketplace=FLIPKART&q=mens+tshirts&store=clo%2Fash%2Fank%2Fedy&srno=s_1_10&otracker=search&fm=organic&iid=ac40e58c-fa41-4a52-90b3-cd4136100ec9.TSHHMB4KFGG9AYJG.SEARCH&ppt=None&ppn=None&ssid=2ljd0vp3sg0000001791378345391&qH=e5e6f84d749db3eb&ov_redirect=true,Men,mens tshirts
Slim Fit Casual Men Solid Polo Neck Pure Cotton Navy Bl...,₹754,,https://www.flipkart.com/louis-philippe-sport-solid-men-polo-neck-navy-blue-t-shirt/p/itmd6f86b21e09cf?pid=TSHGPPARUYHWYGPH&lid=LSTTSHGPPARUYHWYGPHLEGFP5&marketplace=FLIPKART&q=mens+tshirts&store=clo%2Fash%2Fank%2Fedy&srno=s_1_11&otracker=search&fm=organic&iid=en_6xmP3fX7AECNN4j5b2r7QEJG4JgLCs9qTszFDcz595nk7Nkzg7wJeA5ERIQt0ZJ3rbTviHWfyaes3bDqpb-xS2hZejPrDo0exJHkXkjsM4QZYnD-AgkViYdcXNsDru5P&ppt=None&ppn=None&ssid=2ljd0vp3sg0000001791378345391&qH=e5e6f84d749db3eb&ov_redirect=true,Slim,mens tshirts
Men Solid Round Neck Cotton Blend White T-Shirt,₹241,,https://www.flipkart.com/creation-london-hills-solid-men-round-neck-white-t-shirt/p/itm9c82487ed93b8?pid=TSHHMSZBBGHVTNAX&lid=LSTTSHHMSZBBGHVTNAX8ADCID&marketplace=FLIPKART&q=mens+tshirts&store=clo%2Fash%2Fank%2Fedy&srno=s_1_12&otracker=search&fm=organic&iid=en_6xmP3fX7AECNN4j5b2r7QEJG4JgLCs9qTszFDcz595lX9i7-_1WjuKAR-CTEaGqXIFZeLRfWs4nwK7_A8xRbRVwhZrKgCelKz7n3RLFNNkip1UJvVPDwLnW-O_-IEly7&ppt=None&ppn=None&ssid=2ljd0vp3sg0000001791378345391&qH=e5e6f84d749db3eb&ov_redirect=true,Men,mens tshirts
"Men Embroidered Polo Neck Polyester Red, Navy Blue T-Sh...",₹243,,https://www.flipkart.com/autnaa-embroidered-men-polo-neck-red-navy-blue-t-shirt/p/itme3716440d2147?pid=TSHHZRUQFZVGTNWC&lid=LSTTSHHZRUQFZVGTNWCAJNU99&marketplace=FLIPKART&q=mens+tshirts&store=clo%2Fash%2Fank%2Fedy&srno=s_1_13&otracker=search&fm=organic&iid=ac40e58c-fa41-4a52-90b3-cd4136100ec9.TSHHZRUQFZVGTNWC.SEARCH&ppt=None&ppn=None&ssid=2ljd0vp3sg0000001791378345391&qH=e5e6f84d749db3eb&ov_redirect=true,Men,mens tshirts
Men Solid Polo Neck Cotton Blend Purple T-Shirt,₹579,,https://www.flipkart.com/duke-solid-men-polo-neck-purple-t-shirt/p/itm35fc3334b649a?pid=TSHGNC4QZHFBJMCX&lid=LSTTSHGNC4QZHFBJMCXYFDNJ3&marketplace=FLIPKART&q=mens+tshirts&store=clo%2Fash%2Fank%2Fedy&srno=s_1_14&otracker=search&fm=organic&iid=ac40e58c-fa41-4a52-90b3-cd4136100ec9.TSHGNC4QZHFBJMCX.SEARCH&ppt=None&ppn=None&ssid=2ljd0vp3sg0000001791378345391&qH=e5e6f84d749db3eb&ov_redirect=true,Men,mens tshirts
Men Colorblock Polo Neck Polyester Brown T-Shirt,₹326,,https://www.flipkart.com/stitchroot-colorblock-men-polo-neck-brown-t-shirt/p/itm3824b88e96f32?pid=TSHHNJGHPFZ5PSGK&lid=LSTTSHHNJGHPFZ5PSGKQHYUDL&marketplace=FLIPKART&q=mens+tshirts&store=clo%2Fash%2Fank%2Fedy&srno=s_1_15&otracker=search&fm=organic&iid=ac40e58c-fa41-4a52-90b3-cd4136100ec9.TSHHNJGHPFZ5PSGK.SEARCH&ppt=None&ppn=None&ssid=2ljd0vp3sg0000001791378345391&qH=e5e6f84d749db3eb&ov_redirect=true,Men,mens tshirts
Men Self Design Polo Neck Polyester Dark Green T-Shirt,₹282,,https://www.flipkart.com/vebnor-self-design-men-polo-neck-dark-green-t-shirt/p/itm76d4eee4fb508?pid=TSHHNG3RYMH4YMGA&lid=LSTTSHHNG3RYMH4YMGAPUQHDH&marketplace=FLIPKART&q=mens+tshirts&store=clo%2Fash%2Fank%2Fedy&srno=s_1_16&otracker=search&fm=organic&iid=ac40e58c-fa41-4a52-90b3-cd4136100ec9.TSHHNG3RYMH4YMGA.SEARCH&ppt=None&ppn=None&ssid=2ljd0vp3sg0000001791378345391&qH=e5e6f84d749db3eb&ov_redirect=true,Men,mens tshirts
Men Striped Polo Neck Cotton Blend Blue T-Shirt,₹774,,https://www.flipkart.com/u-s-polo-assn-striped-men-neck-blue-t-shirt/p/itm04ce797e0bb95?pid=TSHHYGBKTYYDA5XH&lid=LSTTSHHYGBKTYYDA5XHHUSNSA&marketplace=FLIPKART&q=mens+tshirts&store=clo%2Fash%2Fank%2Fedy&srno=s_1_17&otracker=search&fm=organic&iid=en_6xmP3fX7AECNN4j5b2r7QEJG4JgLCs9qTszFDcz595kC0Rn5GXbaCWgMrMv25DslID-3neNDa-h4JZ6UyJ3KtKw9lK2V_dbdYHly3xoHANkZYnD-AgkViYdcXNsDru5P&ppt=None&ppn=None&ssid=2ljd0vp3sg0000001791378345391&qH=e5e6f84d749db3eb&ov_redirect=true,Men,mens tshirts
Pack of 4 Men Solid Round Neck Cotton Blend Multicolor ...,₹473,,https://www.flipkart.com/tripr-solid-men-round-neck-multicolor-t-shirt/p/itm515d9e7a2cb95?pid=TSHH8CNZ8AYG22Z4&lid=LSTTSHH8CNZ8AYG22Z4UC2TNZ&marketplace=FLIPKART&q=mens+tshirts&store=clo%2Fash%2Fank%2Fedy&srno=s_1_18&otracker=search&fm=organic&iid=en_6xmP3fX7AECNN4j5b2r7QEJG4JgLCs9qTszFDcz595lJZjG5Sa2qFuTHRsBIdJv60rnVHyXiMnkCuJzdhO-GRxlW6rhKTi6PTijkMeWtOezyLgZSNaf6iN3fBBSJ0PrN&ppt=None&ppn=None&ssid=2ljd0vp3sg0000001791378345391&qH=e5e6f84d749db3eb&ov_redirect=true,Pack,mens tshirts
Men Solid Polo Neck Polyester Purple T-Shirt,₹280,,https://www.flipkart.com/vebnor-solid-men-polo-neck-purple-t-shirt/p/itm4db4da97863b9?pid=TSHHDY8PGHFW8HXH&lid=LSTTSHHDY8PGHFW8HXHZB9AMA&marketplace=FLIPKART&q=mens+tshirts&store=clo%2Fash%2Fank%2Fedy&srno=s_1_19&otracker=search&fm=organic&iid=ac40e58c-fa41-4a52-90b3-cd4136100ec9.TSHHDY8PGHFW8HXH.SEARCH&ppt=None&ppn=None&ssid=2ljd0vp3sg0000001791378345391&qH=e5e6f84d749db3eb&ov_redirect=true,Men,mens tshirts
Men Colorblock Polo Neck Polycotton Navy Blue T-Shirt,₹267,,https://www.flipkart.com/dyrectdeals-colorblock-men-polo-neck-navy-blue-t-shirt/p/itm62ad326129db3?pid=TSHGMG9ZZR8ZFQZC&lid=LSTTSHGMG9ZZR8ZFQZC4UJHWP&marketplace=FLIPKART&q=mens+tshirts&store=clo%2Fash%2Fank%2Fedy&srno=s_1_20&otracker=search&fm=organic&iid=ac40e58c-fa41-4a52-90b3-cd4136100ec9.TSHGMG9ZZR8ZFQZC.SEARCH&ppt=None&ppn=None&ssid=2ljd0vp3sg0000001791378345391&qH=e5e6f84d749db3eb&ov_redirect=true,Men,mens tshirts
Pack of 4 Men Solid Round Neck Cotton Blend Multicolor ...,₹470,,https://www.flipkart.com/tripr-solid-men-round-neck-multicolor-t-shirt/p/itm5d7dfb35a85e8?pid=TSHH7USMQ8SYKY3U&lid=LSTTSHH7USMQ8SYKY3UJQFCDZ&marketplace=FLIPKART&q=mens+tshirts&store=clo%2Fash%2Fank%2Fedy&srno=s_1_21&otracker=search&fm=organic&iid=en_6xmP3fX7AECNN4j5b2r7QEJG4JgLCs9qTszFDcz595mfD5KPRFYyHX3awOhVwK2b0rDjDtQZyecK24Rya8UIVKLSpbXNLtGFENAweohIZxTyLgZSNaf6iN3fBBSJ0PrN&ppt=None&ppn=None&ssid=2ljd0vp3sg0000001791378345391&qH=e5e6f84d749db3eb&ov_redirect=true,Pack,mens tshirts
Men Solid Round Neck Cotton Blend Black T-Shirt,₹239,,https://www.flipkart.com/creation-london-hills-solid-men-round-neck-black-t-shirt/p/itmcee7fe590f001?pid=TSHHMSZBXT6JCYVB&lid=LSTTSHHMSZBXT6JCYVBOI5RWN&marketplace=FLIPKART&q=mens+tshirts&store=clo%2Fash%2Fank%2Fedy&srno=s_1_22&otracker=search&fm=organic&iid=en_6xmP3fX7AECNN4j5b2r7QEJG4JgLCs9qTszFDcz595k0Fi1N95vl-Cz1qbv92xRAzyXe_kcQxsmRHk1Z0Z_jwlwhZrKgCelKz7n3RLFNNkip1UJvVPDwLnW-O_-IEly7&ppt=None&ppn=None&ssid=2ljd0vp3sg0000001791378345391&qH=e5e6f84d749db3eb&ov_redirect=true,Men,mens tshirts
Men Colorblock Polo Neck Polycotton Red T-Shirt,₹267,,https://www.flipkart.com/dyrectdeals-colorblock-men-polo-neck-red-t-shirt/p/itmcba4a789905c2?pid=TSHGMG9ZGWUXCK4J&lid=LSTTSHGMG9ZGWUXCK4JQXYR6Q&marketplace=FLIPKART&q=mens+tshirts&store=clo%2Fash%2Fank%2Fedy&srno=s_1_23&otracker=search&fm=organic&iid=ac40e58c-fa41-4a52-90b3-cd4136100ec9.TSHGMG9ZGWUXCK4J.SEARCH&ppt=None&ppn=None&ssid=2ljd0vp3sg0000001791378345391&qH=e5e6f84d749db3eb&ov_redirect=true,Men,mens tshirts
Men Printed Round Neck Cotton Blend Maroon T-Shirt,₹266,,https://www.flipkart.com/dripstyle-fashion-printed-men-round-neck-maroon-t-shirt/p/itm77ff771b170ab?pid=TSHHNUD9YF43YGC4&lid=LSTTSHHNUD9YF43YGC4CS4W3M&marketplace=FLIPKART&q=mens+tshirts&store=clo%2Fash%2Fank%2Fedy&srno=s_1_24&otracker=search&fm=organic&iid=ac40e58c-fa41-4a52-90b3-cd4136100ec9.TSHHNUD9YF43YGC4.SEARCH&ppt=None&ppn=None&ssid=2ljd0vp3sg0000001791378345391&qH=e5e6f84d749db3eb&ov_redirect=true,Men,mens tshirts
Men Solid Polo Neck Cotton Blend White T-Shirt,₹531,,https://www.flipkart.com/allen-solly-solid-men-polo-neck-white-t-shirt/p/itm55ecc3f549834?pid=TSHGTBWVR2GGHGFZ&lid=LSTTSHGTBWVR2GGHGFZ6BKLS2&marketplace=FLIPKART&q=mens+tshirts&store=clo%2Fash%2Fank%2Fedy&spotlightTagId=default_BestsellerId_clo%2Fash%2Fank%2Fedy&srno=s_1_25&otracker=search&fm=organic&iid=ac40e58c-fa41-4a52-90b3-cd4136100ec9.TSHGTBWVR2GGHGFZ.SEARCH&ppt=None&ppn=None&ssid=2ljd0vp3sg0000001791378345391&qH=e5e6f84d749db3eb&ov_redirect=true,Men,mens tshirts
Pack of 2 Men Solid Polo Neck Cotton Blend Grey T-Shirt,₹372,,https://www.flipkart.com/starknits-solid-men-polo-neck-grey-t-shirt/p/itmc93893c25fad9?pid=TSHHPR48HZZCRHPD&lid=LSTTSHHPR48HZZCRHPDQPME3C&marketplace=FLIPKART&q=mens+tshirts&store=clo%2Fash%2Fank%2Fedy&srno=s_1_26&otracker=search&fm=organic&iid=ac40e58c-fa41-4a52-90b3-cd4136100ec9.TSHHPR48HZZCRHPD.SEARCH&ppt=None&ppn=None&ssid=2ljd0vp3sg0000001791378345391&qH=e5e6f84d749db3eb&ov_redirect=true,Pack,mens tshirts
Men Solid Polo Neck Pure Cotton Navy Blue T-Shirt,₹616,,https://www.flipkart.com/snitch-solid-men-polo-neck-navy-blue-t-shirt/p/itmc0f9299faea7c?pid=TSHHQ8FHDP8D9CSU&lid=LSTTSHHQ8FHDP8D9CSUHKAHGJ&marketplace=FLIPKART&q=mens+tshirts&store=clo%2Fash%2Fank%2Fedy&srno=s_1_27&otracker=search&fm=organic&iid=en_6xmP3fX7AECNN4j5b2r7QEJG4JgLCs9qTszFDcz595mkJ665wn9I1sj0bWj_3GYKzTBYJlo8jIKS11D7dvv1P9g-e_CiZG40vgfFU1IgNPYZYnD-AgkViYdcXNsDru5P&ppt=None&ppn=None&ssid=2ljd0vp3sg0000001791378345391&qH=e5e6f84d749db3eb&ov_redirect=true,Men,mens tshirts
Men Printed Polo Neck Cotton Blend Black T-Shirt,₹325,,https://www.flipkart.com/tazo-printed-men-polo-neck-black-t-shirt/p/itm7140df0459e89?pid=TSHHCWF5R3PSUH6N&lid=LSTTSHHCWF5R3PSUH6N4I0LTU&marketplace=FLIPKART&q=mens+tshirts&store=clo%2Fash%2Fank%2Fedy&srno=s_1_28&otracker=search&fm=organic&iid=en_6xmP3fX7AECNN4j5b2r7QEJG4JgLCs9qTszFDcz595mzdrTmuy_yUAPgPtR4F3zeW8CQklAZRq1ogSiB5tiKMKKPqXD0IdKWdoMQQH10TsZ9Or-Y-9Wb9ACVtU3vpm-v&ppt=None&ppn=None&ssid=2ljd0vp3sg0000001791378345391&qH=e5e6f84d749db3eb&ov_redirect=true,Men,mens tshirts
"Pack of 2 Men Solid Round Neck Polyester White, Black T...",₹214,,https://www.flipkart.com/vibepulse-solid-men-round-neck-white-black-t-shirt/p/itm54ec2931341b7?pid=TSHHHSZBGFSBWGRH&lid=LSTTSHHHSZBGFSBWGRHALF4TN&marketplace=FLIPKART&q=mens+tshirts&store=clo%2Fash%2Fank%2Fedy&srno=s_1_29&otracker=search&fm=organic&iid=ac40e58c-fa41-4a52-90b3-cd4136100ec9.TSHHHSZBGFSBWGRH.SEARCH&ppt=None&ppn=None&ssid=2ljd0vp3sg0000001791378345391&qH=e5e6f84d749db3eb&ov_redirect=true,Pack,mens tshirts
Men Solid Mandarin Collar Cotton Blend Pink T-Shirt,₹277,,https://www.flipkart.com/vebnor-solid-men-mandarin-collar-pink-t-shirt/p/itmc47bea3b80907?pid=TSHHGYYHQHGJZS7P&lid=LSTTSHHGYYHQHGJZS7PAP6RTL&marketplace=FLIPKART&q=mens+tshirts&store=clo%2Fash%2Fank%2Fedy&srno=s_1_30&otracker=search&fm=organic&iid=ac40e58c-fa41-4a52-90b3-cd4136100ec9.TSHHGYYHQHGJZS7P.SEARCH&ppt=None&ppn=None&ssid=2ljd0vp3sg0000001791378345391&qH=e5e6f84d749db3eb&ov_redirect=true,Men,mens tshirts
Men Solid Polo Neck Cotton Blend Dark Blue T-Shirt,₹802,,https://www.flipkart.com/louis-philippe-solid-men-polo-neck-dark-blue-t-shirt/p/itmc1d81f496b9d7?pid=TSHHFHHHJNJTHP6N&lid=LSTTSHHFHHHJNJTHP6N0BEYQ5&marketplace=FLIPKART&q=mens+tshirts&store=clo%2Fash%2Fank%2Fedy&srno=s_1_31&otracker=search&fm=organic&iid=en_6xmP3fX7AECNN4j5b2r7QEJG4JgLCs9qTszFDcz595nzFbZCBRLcphcQ9H4CIO5F8GlM2JfsyNFmmiuJB4YUpSMkipp-JfSnPLkskQZwd3AZYnD-AgkViYdcXNsDru5P&ppt=None&ppn=None&ssid=2ljd0vp3sg0000001791378345391&qH=e5e6f84d749db3eb&ov_redirect=true,Men,mens tshirts
Men Solid Polo Neck Pure Cotton Yellow T-Shirt,₹707,,https://www.flipkart.com/louis-philippe-solid-men-polo-neck-yellow-t-shirt/p/itmfdfdd4434bf85?pid=TSHH6WHSUYZQ9UCU&lid=LSTTSHH6WHSUYZQ9UCUJVMX5I&marketplace=FLIPKART&q=mens+tshirts&store=clo%2Fash%2Fank%2Fedy&srno=s_1_32&otracker=search&fm=organic&iid=en_6xmP3fX7AECNN4j5b2r7QEJG4JgLCs9qTszFDcz595m7jgbnsf9myczmMGvhd6QOfyhTcuk7hzEjSvLW195pAKI7SUCR4JEfV-qgualRlXIZYnD-AgkViYdcXNsDru5P&ppt=None&ppn=None&ssid=2ljd0vp3sg0000001791378345391&qH=e5e6f84d749db3eb&ov_redirect=true,Men,mens tshirts
Men Striped Polo Neck Pure Cotton Light Blue T-Shirt,₹414,,https://www.flipkart.com/uniberry-striped-men-polo-neck-light-blue-t-shirt/p/itm4400a84e350b1?pid=TSHHHUDBWCQRKYMP&lid=LSTTSHHHUDBWCQRKYMP8OSKNH&marketplace=FLIPKART&q=mens+tshirts&store=clo%2Fash%2Fank%2Fedy&srno=s_1_33&otracker=search&fm=organic&iid=ac40e58c-fa41-4a52-90b3-cd4136100ec9.TSHHHUDBWCQRKYMP.SEARCH&ppt=None&ppn=None&ssid=2ljd0vp3sg0000001791378345391&qH=e5e6f84d749db3eb&ov_redirect=true,Men,mens tshirts
Men Printed Round Neck Cotton Blend Multicolor T-Shirt,₹317,,https://www.flipkart.com/roadster-printed-men-round-neck-multicolor-t-shirt/p/itm79adb17093f8e?pid=TSHHPTP3GJQW5HNR&lid=LSTTSHHPTP3GJQW5HNRWN53XG&marketplace=FLIPKART&q=mens+tshirts&store=clo%2Fash%2Fank%2Fedy&srno=s_1_34&otracker=search&fm=organic&iid=ac40e58c-fa41-4a52-90b3-cd4136100ec9.TSHHPTP3GJQW5HNR.SEARCH&ppt=None&ppn=None&ssid=2ljd0vp3sg0000001791378345391&qH=e5e6f84d749db3eb&ov_redirect=true,Men,mens tshirts
Men Solid Polo Neck Polyester Brown T-Shirt,₹262,,https://www.flipkart.com/vebnor-solid-men-polo-neck-brown-t-shirt/p/itm95012fc0d5b29?pid=TSHHCM82KHRUGBQJ&lid=LSTTSHHCM82KHRUGBQJCW9OI7&marketplace=FLIPKART&q=mens+tshirts&store=clo%2Fash%2Fank%2Fedy&srno=s_1_35&otracker=search&fm=organic&iid=ac40e58c-fa41-4a52-90b3-cd4136100ec9.TSHHCM82KHRUGBQJ.SEARCH&ppt=None&ppn=None&ssid=2ljd0vp3sg0000001791378345391&qH=e5e6f84d749db3eb&ov_redirect=true,Men,mens tshirts
Men Solid Polo Neck Polyester Pink T-Shirt,₹297,,https://www.flipkart.com/vebnor-solid-men-polo-neck-pink-t-shirt/p/itme2c023fcd9ef7?pid=TSHHFYXRKSHDARH4&lid=LSTTSHHFYXRKSHDARH43XXLVH&marketplace=FLIPKART&q=mens+tshirts&store=clo%2Fash%2Fank%2Fedy&srno=s_1_36&otracker=search&fm=organic&iid=ac40e58c-fa41-4a52-90b3-cd4136100ec9.TSHHFYXRKSHDARH4.SEARCH&ppt=None&ppn=None&ssid=2ljd0vp3sg0000001791378345391&qH=e5e6f84d749db3eb&ov_redirect=true,Men,mens tshirts
Men Printed Round Neck Cotton Blend Black T-Shirt,₹296,,https://www.flipkart.com/force-printed-men-round-neck-black-t-shirt/p/itmdbfd69457822d?pid=TSHHNYR7NDH4Z64W&lid=LSTTSHHNYR7NDH4Z64W7K8ODO&marketplace=FLIPKART&q=mens+tshirts&store=clo%2Fash%2Fank%2Fedy&srno=s_1_37&otracker=search&fm=organic&iid=en_6xmP3fX7AECNN4j5b2r7QEJG4JgLCs9qTszFDcz595nCePuSUJyO3GikgswFfhx10NPpWntUHKFycDJ4ymvRKca2ip0gtVZ9gN_TCngmlVF9Or-Y-9Wb9ACVtU3vpm-v&ppt=None&ppn=None&ssid=2ljd0vp3sg0000001791378345391&qH=e5e6f84d749db3eb&ov_redirect=true,Men,mens tshirts
Men Solid Polo Neck Pure Cotton Green T-Shirt,₹616,,https://www.flipkart.com/snitch-solid-men-polo-neck-green-t-shirt/p/itm7e5d3592e51d5?pid=TSHHQ9YNTKHGHJGK&lid=LSTTSHHQ9YNTKHGHJGKHT7I65&marketplace=FLIPKART&q=mens+tshirts&store=clo%2Fash%2Fank%2Fedy&srno=s_1_38&otracker=search&fm=organic&iid=en_6xmP3fX7AECNN4j5b2r7QEJG4JgLCs9qTszFDcz595lMWeb6bQw5IvA_D1XdWoFucjy4NuKXyHSI53cYZzqYPtpBPAEAJlrOx7Mzhj3OpF4ZYnD-AgkViYdcXNsDru5P&ppt=None&ppn=None&ssid=2ljd0vp3sg0000001791378345391&qH=e5e6f84d749db3eb&ov_redirect=true,Men,mens tshirts
Men Striped Polo Neck Pure Cotton Beige T-Shirt,₹616,,https://www.flipkart.com/snitch-striped-men-polo-neck-beige-t-shirt/p/itmc127481655293?pid=TSHHQ8FHHERUKG5F&lid=LSTTSHHQ8FHHERUKG5FA0HGNH&marketplace=FLIPKART&q=mens+tshirts&store=clo%2Fash%2Fank%2Fedy&srno=s_1_39&otracker=search&fm=organic&iid=ac40e58c-fa41-4a52-90b3-cd4136100ec9.TSHHQ8FHHERUKG5F.SEARCH&ppt=None&ppn=None&ssid=2ljd0vp3sg0000001791378345391&qH=e5e6f84d749db3eb&ov_redirect=true,Men,mens tshirts
Pack of 5 Men Solid Round Neck Polyester Multicolor T-S...,₹401,,https://www.flipkart.com/inktees-solid-men-round-neck-multicolor-t-shirt/p/itm1e002039b1afe?pid=TSHGXM6Q3QT4CNBP&lid=LSTTSHGXM6Q3QT4CNBPYU3KNB&marketplace=FLIPKART&q=mens+tshirts&store=clo%2Fash%2Fank%2Fedy&srno=s_1_40&otracker=search&fm=organic&iid=ac40e58c-fa41-4a52-90b3-cd4136100ec9.TSHGXM6Q3QT4CNBP.SEARCH&ppt=None&ppn=None&ssid=2ljd0vp3sg0000001791378345391&qH=e5e6f84d749db3eb&ov_redirect=true,Pack,mens tshirts
Slim Fit Casual Men Solid Polo Neck Pure Cotton Pink T-...,₹754,,https://www.flipkart.com/louis-philippe-jeans-solid-men-polo-neck-pink-t-shirt/p/itm068823665b163?pid=TSHGPPAR2BNTCZGR&lid=LSTTSHGPPAR2BNTCZGRWL66NN&marketplace=FLIPKART&q=mens+tshirts&store=clo%2Fash%2Fank%2Fedy&srno=s_2_41&otracker=search&fm=organic&iid=en_2neOjGSEPbQ_vN_BbF4cyYIIecWCCASXkVQT4tsf2VNaZdHV6b3VUONHZGFxAoX_9-HBvqMsbA_EYDzm5vBej5hdvp0ovD-NjirW7ZB7elTyfXqfrwNPPnCZkh2cRf4o&ppt=sp&ppn=sp&ssid=2ljd0vp3sg0000001791378345391&qH=e5e6f84d749db3eb&ov_redirect=true,Slim,mens tshirts
Slim Fit Casual Men Solid Polo Neck Pure Cotton Grey T-...,₹755,,https://www.flipkart.com/louis-philippe-solid-men-polo-neck-grey-t-shirt/p/itmf371ab2d6d40f?pid=TSHHGQSGWXBK6WGR&lid=LSTTSHHGQSGWXBK6WGR4GWWFZ&marketplace=FLIPKART&q=mens+tshirts&store=clo%2Fash%2Fank%2Fedy&srno=s_2_42&otracker=search&fm=organic&iid=en_2neOjGSEPbQ_vN_BbF4cyYIIecWCCASXkVQT4tsf2VOzz1QLXa6JkbmFW8SuNnkCZXa17VwTsxQR1bw-aEI_cESG5TejB9epKY_AUaL7_vnyfXqfrwNPPnCZkh2cRf4o&ppt=sp&ppn=sp&ssid=2ljd0vp3sg0000001791378345391&qH=e5e6f84d749db3eb&ov_redirect=true,Slim,mens tshirts
Men Colorblock Polo Neck Cotton Blend Black T-Shirt,₹315,,https://www.flipkart.com/alifornia-colorblock-men-polo-neck-black-t-shirt/p/itm0faec6689661a?pid=TSHHPF3GE2AGBU5Q&lid=LSTTSHHPF3GE2AGBU5QEAXCVE&marketplace=FLIPKART&q=mens+tshirts&store=clo%2Fash%2Fank%2Fedy&srno=s_2_43&otracker=search&fm=organic&iid=c390e77d-e999-45ac-b228-bb1ba93217ae.TSHHPF3GE2AGBU5Q.SEARCH&ppt=sp&ppn=sp&ssid=2ljd0vp3sg0000001791378345391&qH=e5e6f84d749db3eb&ov_redirect=true,Men,mens tshirts
Men Solid Polo Neck Polyester Pink T-Shirt,₹297,,https://www.flipkart.com/vebnor-solid-men-polo-neck-pink-t-shirt/p/itme2c023fcd9ef7?pid=TSHHFYXRKSHDARH4&lid=LSTTSHHFYXRKSHDARH43XXLVH&marketplace=FLIPKART&q=mens+tshirts&store=clo%2Fash%2Fank%2Fedy&srno=s_2_44&otracker=search&fm=organic&iid=c390e77d-e999-45ac-b228-bb1ba93217ae.TSHHFYXRKSHDARH4.SEARCH&ppt=sp&ppn=sp&ssid=2ljd0vp3sg0000001791378345391&qH=e5e6f84d749db3eb&ov_redirect=true,Men,mens tshirts
Men Striped Polo Neck Pure Cotton Beige T-Shirt,₹616,,https://www.flipkart.com/snitch-striped-men-polo-neck-beige-t-shirt/p/itmc127481655293?pid=TSHHQ8FHHERUKG5F&lid=LSTTSHHQ8FHHERUKG5FA0HGNH&marketplace=FLIPKART&q=mens+tshirts&store=clo%2Fash%2Fank%2Fedy&srno=s_2_45&otracker=search&fm=organic&iid=c390e77d-e999-45ac-b228-bb1ba93217ae.TSHHQ8FHHERUKG5F.SEARCH&ppt=sp&ppn=sp&ssid=2ljd0vp3sg0000001791378345391&qH=e5e6f84d749db3eb&ov_redirect=true,Men,mens tshirts
Pack of 5 Men Solid Round Neck Polyester Multicolor T-S...,₹401,,https://www.flipkart.com/inktees-solid-men-round-neck-multicolor-t-shirt/p/itm1e002039b1afe?pid=TSHGXM6Q3QT4CNBP&lid=LSTTSHGXM6Q3QT4CNBPYU3KNB&marketplace=FLIPKART&q=mens+tshirts&store=clo%2Fash%2Fank%2Fedy&srno=s_2_46&otracker=search&fm=organic&iid=c390e77d-e999-45ac-b228-bb1ba93217ae.TSHGXM6Q3QT4CNBP.SEARCH&ppt=sp&ppn=sp&ssid=2ljd0vp3sg0000001791378345391&qH=e5e6f84d749db3eb&ov_redirect=true,Pack,mens tshirts
Slim Fit Casual Men Solid Polo Neck Pure Cotton Dark Gr...,₹754,,https://www.flipkart.com/louis-philippe-jeans-solid-men-polo-neck-dark-green-t-shirt/p/itmec5e89700ee7d?pid=TSHGPPARN7FYENZE&lid=LSTTSHGPPARN7FYENZEYMMYOJ&marketplace=FLIPKART&q=mens+tshirts&store=clo%2Fash%2Fank%2Fedy&srno=s_2_47&otracker=search&fm=organic&iid=en_2neOjGSEPbQ_vN_BbF4cyYIIecWCCASXkVQT4tsf2VMFFDmUkhHdwRd4v5FvPc3owIfeHwS_O1ggNBGURMnA_hRlMuamR1blqcWio8jSSdjyfXqfrwNPPnCZkh2cRf4o&ppt=sp&ppn=sp&ssid=2ljd0vp3sg0000001791378345391&qH=e5e6f84d749db3eb&ov_redirect=true,Slim,mens tshirts
Slim Fit Casual Men Solid Polo Neck Pure Cotton White T...,₹754,,https://www.flipkart.com/louis-philippe-jeans-solid-men-polo-neck-white-t-shirt/p/itmef34dca1217d5?pid=TSHGSBF7ZGDPADTR&lid=LSTTSHGSBF7ZGDPADTRC3T8WO&marketplace=FLIPKART&q=mens+tshirts&store=clo%2Fash%2Fank%2Fedy&srno=s_2_48&otracker=search&fm=organic&iid=en_2neOjGSEPbQ_vN_BbF4cyYIIecWCCASXkVQT4tsf2VNBM4qJ92_1Uzk01aNDrTtFRr0eu74BVUhvEg3A1bA2nqksEfQy2DI5wof-l_nhirHyfXqfrwNPPnCZkh2cRf4o&ppt=sp&ppn=sp&ssid=2ljd0vp3sg0000001791378345391&qH=e5e6f84d749db3eb&ov_redirect=true,Slim,mens tshirts
Men Striped Round Neck Polyester Dark Blue T-Shirt,₹326,,https://www.flipkart.com/eyebogler-striped-men-round-neck-dark-blue-t-shirt/p/itm7cfa62dd485be?pid=TSHHNVDMQZGP5HVA&lid=LSTTSHHNVDMQZGP5HVAT2PC70&marketplace=FLIPKART&q=mens+tshirts&store=clo%2Fash%2Fank%2Fedy&srno=s_2_49&otracker=search&fm=organic&iid=c390e77d-e999-45ac-b228-bb1ba93217ae.TSHHNVDMQZGP5HVA.SEARCH&ppt=sp&ppn=sp&ssid=2ljd0vp3sg0000001791378345391&qH=e5e6f84d749db3eb&ov_redirect=true,Men,mens tshirts
Men Colorblock Polo Neck Cotton Blend Light Blue T-Shir...,₹534,,https://www.flipkart.com/austivo-colorblock-men-polo-neck-light-blue-t-shirt/p/itmac4f5e96e0f33?pid=TSHHMMWMUKG5TZFK&lid=LSTTSHHMMWMUKG5TZFKKLXXB6&marketplace=FLIPKART&q=mens+tshirts&store=clo%2Fash%2Fank%2Fedy&srno=s_2_50&otracker=search&fm=organic&iid=c390e77d-e999-45ac-b228-bb1ba93217ae.TSHHMMWMUKG5TZFK.SEARCH&ppt=sp&ppn=sp&ssid=2ljd0vp3sg0000001791378345391&qH=e5e6f84d749db3eb&ov_redirect=true,Men,mens tshirts
Slim Fit Casual Men Solid Polo Neck Pure Cotton Brown T...,₹754,,https://www.flipkart.com/louis-philippe-sport-solid-men-polo-neck-brown-t-shirt/p/itm04b03ec9ac65d?pid=TSHGPPBJ9ZKG4SKB&lid=LSTTSHGPPBJ9ZKG4SKB6ZZD81&marketplace=FLIPKART&q=mens+tshirts&store=clo%2Fash%2Fank%2Fedy&srno=s_2_51&otracker=search&fm=organic&iid=en_2neOjGSEPbQ_vN_BbF4cyYIIecWCCASXkVQT4tsf2VM0pM6HC0uLrc6DJzW_2sQ-uDu7gptrB1lZ9JPu2H9fRZ8mw7kHN2eSCKXsYy1shkzyfXqfrwNPPnCZkh2cRf4o&ppt=sp&ppn=sp&ssid=2ljd0vp3sg0000001791378345391&qH=e5e6f84d749db3eb&ov_redirect=true,Slim,mens tshirts
Slim Fit Casual Men Solid Polo Neck Pure Cotton Brown T...,₹754,,https://www.flipkart.com/louis-philippe-jeans-solid-men-polo-neck-brown-t-shirt/p/itm9411104ce4a04?pid=TSHGSBF6HGSPB5PZ&lid=LSTTSHGSBF6HGSPB5PZK8HGPC&marketplace=FLIPKART&q=mens+tshirts&store=clo%2Fash%2Fank%2Fedy&srno=s_2_52&otracker=search&fm=organic&iid=en_2neOjGSEPbQ_vN_BbF4cyYIIecWCCASXkVQT4tsf2VO-hcGnJjOPjUyI-OwTa8f0D1Y-MxGt8LkBna0yaquiu80MMN0rytFW_aveKoIoJrbyfXqfrwNPPnCZkh2cRf4o&ppt=sp&ppn=sp&ssid=2ljd0vp3sg0000001791378345391&qH=e5e6f84d749db3eb&ov_redirect=true,Slim,mens tshirts
"Pack of 2 Men Printed Round Neck Polyester Maroon, Dark...",₹276,,https://www.flipkart.com/sti-printed-men-round-neck-maroon-dark-green-t-shirt/p/itm6b922e2250908?pid=TSHH3BNUFTUB8XYM&lid=LSTTSHH3BNUFTUB8XYMHAREGC&marketplace=FLIPKART&q=mens+tshirts&store=clo%2Fash%2Fank%2Fedy&srno=s_2_53&otracker=search&fm=organic&iid=c390e77d-e999-45ac-b228-bb1ba93217ae.TSHH3BNUFTUB8XYM.SEARCH&ppt=sp&ppn=sp&ssid=2ljd0vp3sg0000001791378345391&qH=e5e6f84d749db3eb&ov_redirect=true,Pack,mens tshirts
Men Solid Polo Neck Cotton Blend Black T-Shirt,₹551,,https://www.flipkart.com/allen-solly-solid-men-polo-neck-black-t-shirt/p/itme90920c7f587d?pid=TSHGDHWDPHG7Z3TF&lid=LSTTSHGDHWDPHG7Z3TFGVFCVG&marketplace=FLIPKART&q=mens+tshirts&store=clo%2Fash%2Fank%2Fedy&spotlightTagId=default_BestsellerId_clo%2Fash%2Fank%2Fedy&srno=s_2_54&otracker=search&fm=organic&iid=c390e77d-e999-45ac-b228-bb1ba93217ae.TSHGDHWDPHG7Z3TF.SEARCH&ppt=sp&ppn=sp&ssid=2ljd0vp3sg0000001791378345391&qH=e5e6f84d749db3eb&ov_redirect=true,Men,mens tshirts
Men Graphic Print Round Neck Cotton Blend Black T-Shirt,₹326,,https://www.flipkart.com/vigon-graphic-print-men-round-neck-black-t-shirt/p/itmcfae3128100e5?pid=TSHHZD3XHBZHVZS4&lid=LSTTSHHZD3XHBZHVZS4PIGOFA&marketplace=FLIPKART&q=mens+tshirts&store=clo%2Fash%2Fank%2Fedy&srno=s_2_55&otracker=search&fm=organic&iid=c390e77d-e999-45ac-b228-bb1ba93217ae.TSHHZD3XHBZHVZS4.SEARCH&ppt=sp&ppn=sp&ssid=2ljd0vp3sg0000001791378345391&qH=e5e6f84d749db3eb&ov_redirect=true,Men,mens tshirts
ESS Logo M Men Solid Polo Neck Pure Cotton Black T-Shir...,₹597,,https://www.flipkart.com/puma-solid-men-polo-neck-black-t-shirt/p/itm8ac888d7eafa2?pid=TSHH4D2F6DSMYRYX&lid=LSTTSHH4D2F6DSMYRYXFOGOWV&marketplace=FLIPKART&q=mens+tshirts&store=clo%2Fash%2Fank%2Fedy&srno=s_2_56&otracker=search&fm=organic&iid=c390e77d-e999-45ac-b228-bb1ba93217ae.TSHH4D2F6DSMYRYX.SEARCH&ppt=sp&ppn=sp&ssid=2ljd0vp3sg0000001791378345391&qH=e5e6f84d749db3eb&ov_redirect=true,ESS,mens tshirts
Men Printed Polo Neck Pure Cotton Dark Green T-Shirt,₹493,,https://www.flipkart.com/indian-terrain-printed-men-polo-neck-dark-green-t-shirt/p/itm48cfc0df470f4?pid=TSHHDUG6GBGBZBPC&lid=LSTTSHHDUG6GBGBZBPCQIO2UC&marketplace=FLIPKART&q=mens+tshirts&store=clo%2Fash%2Fank%2Fedy&srno=s_2_57&otracker=search&fm=organic&iid=en_2neOjGSEPbQ_vN_BbF4cyYIIecWCCASXkVQT4tsf2VMrz1Kj0ftL7WlB94zbCFHp_pljLk3fpy_NvM7EyULbznKhIvMyKkApaCw7Bi_Vzx16jwfnF20aEotZbBpUy4QW&ppt=sp&ppn=sp&ssid=2ljd0vp3sg0000001791378345391&qH=e5e6f84d749db3eb&ov_redirect=true,Men,mens tshirts
Men Printed Crew Neck Cotton Blend White T-Shirt,₹560,,https://www.flipkart.com/puma-printed-men-crew-neck-white-t-shirt/p/itmbfa8e0f654722?pid=TSHHHY78EGHAGHNZ&lid=LSTTSHHHY78EGHAGHNZGR2YGS&marketplace=FLIPKART&q=mens+tshirts&store=clo%2Fash%2Fank%2Fedy&srno=s_2_58&otracker=search&fm=organic&iid=en_2neOjGSEPbQ_vN_BbF4cyYIIecWCCASXkVQT4tsf2VPCfkdvTSaXaftc5-o7Rg17TFfwo6OiprkdHFvdWtBJFoELhYKb_MaQvIK36Al_gRZ6jwfnF20aEotZbBpUy4QW&ppt=sp&ppn=sp&ssid=2ljd0vp3sg0000001791378345391&qH=e5e6f84d749db3eb&ov_redirect=true,Men,mens tshirts
Men Solid Polo Neck Pure Cotton Dark Green T-Shirt,₹707,,https://www.flipkart.com/louis-philippe-solid-men-polo-neck-dark-green-t-shirt/p/itmcb07f60a09da1?pid=TSHGSAW58ZMYPTTA&lid=LSTTSHGSAW58ZMYPTTA2FHQ2U&marketplace=FLIPKART&q=mens+tshirts&store=clo%2Fash%2Fank%2Fedy&srno=s_2_59&otracker=search&fm=organic&iid=c390e77d-e999-45ac-b228-bb1ba93217ae.TSHGSAW58ZMYPTTA.SEARCH&ppt=sp&ppn=sp&ssid=2ljd0vp3sg0000001791378345391&qH=e5e6f84d749db3eb&ov_redirect=true,Men,mens tshirts
Men Solid Polo Neck Polyester Green T-Shirt,₹295,,https://www.flipkart.com/vebnor-solid-men-polo-neck-green-t-shirt/p/itmf5a78966d2102?pid=TSHH7URFHMD2R9CZ&lid=LSTTSHH7URFHMD2R9CZGGU9R0&marketplace=FLIPKART&q=mens+tshirts&store=clo%2Fash%2Fank%2Fedy&srno=s_2_60&otracker=search&fm=organic&iid=c390e77d-e999-45ac-b228-bb1ba93217ae.TSHH7URFHMD2R9CZ.SEARCH&ppt=sp&ppn=sp&ssid=2ljd0vp3sg0000001791378345391&qH=e5e6f84d749db3eb&ov_redirect=true,Men,mens tshirts
Men Solid Polo Neck Cotton Blend White T-Shirt,₹858,,https://www.flipkart.com/rare-rabbit-solid-men-polo-neck-white-t-shirt/p/itm4525b7e4fa83f?pid=TSHHMAQTSDYFXYC3&lid=LSTTSHHMAQTSDYFXYC3SGBQ93&marketplace=FLIPKART&q=mens+tshirts&store=clo%2Fash%2Fank%2Fedy&srno=s_2_61&otracker=search&fm=organic&iid=en_2neOjGSEPbQ_vN_BbF4cyYIIecWCCASXkVQT4tsf2VPjZhIVlSLoLrhLHhacVFrBSJJHDD-yuR5V4_OcB9wIdoXXzhwPMwNB5JAeZ45vCtN6jwfnF20aEotZbBpUy4QW&ppt=sp&ppn=sp&ssid=2ljd0vp3sg0000001791378345391&qH=e5e6f84d749db3eb&ov_redirect=true,Men,mens tshirts
Men Solid Polo Neck Cotton Blend Black T-Shirt,₹824,,https://www.flipkart.com/rare-rabbit-solid-men-polo-neck-black-t-shirt/p/itm6baa5b25c8938?pid=TSHHMAQTGGQGFWHM&lid=LSTTSHHMAQTGGQGFWHMNEKKWP&marketplace=FLIPKART&q=mens+tshirts&store=clo%2Fash%2Fank%2Fedy&srno=s_2_62&otracker=search&fm=organic&iid=en_2neOjGSEPbQ_vN_BbF4cyYIIecWCCASXkVQT4tsf2VMwThpgvwJV7kWTbCMamiPjKF11DFDRUj7M3hpXvMNWB3pEOOZZcd2D7rgtxAmHidd2maA7tEn5eMihnjqgMVR4&ppt=sp&ppn=sp&ssid=2ljd0vp3sg0000001791378345391&qH=e5e6f84d749db3eb&ov_redirect=true,Men,mens tshirts
Men Self Design Henley Neck Polyester Black T-Shirt,₹286,,https://www.flipkart.com/heradawn-self-design-men-henley-neck-black-t-shirt/p/itm2d53e0759bf0d?pid=TSHHPFBFNCFAHNBM&lid=LSTTSHHPFBFNCFAHNBM11JHGX&marketplace=FLIPKART&q=mens+tshirts&store=clo%2Fash%2Fank%2Fedy&srno=s_2_63&otracker=search&fm=organic&iid=c390e77d-e999-45ac-b228-bb1ba93217ae.TSHHPFBFNCFAHNBM.SEARCH&ppt=sp&ppn=sp&ssid=2ljd0vp3sg0000001791378345391&qH=e5e6f84d749db3eb&ov_redirect=true,Men,mens tshirts
Pack of 4 Men Solid Round Neck Polyester Multicolor T-S...,₹395,,https://www.flipkart.com/ftx-solid-men-round-neck-multicolor-t-shirt/p/itmd06b093b03582?pid=TSHGEHZU9WVWAZ2U&lid=LSTTSHGEHZU9WVWAZ2UTOHTII&marketplace=FLIPKART&q=mens+tshirts&store=clo%2Fash%2Fank%2Fedy&srno=s_2_64&otracker=search&fm=organic&iid=c390e77d-e999-45ac-b228-bb1ba93217ae.TSHGEHZU9WVWAZ2U.SEARCH&ppt=sp&ppn=sp&ssid=2ljd0vp3sg0000001791378345391&qH=e5e6f84d749db3eb&ov_redirect=true,Pack,mens tshirts
Men Solid Polo Neck Polyester Pink T-Shirt,₹262,,https://www.flipkart.com/vebnor-solid-men-polo-neck-pink-t-shirt/p/itma5dfc620e35b9?pid=TSHGRS6KGTWD2SHC&lid=LSTTSHGRS6KGTWD2SHC0JIA59&marketplace=FLIPKART&q=mens+tshirts&store=clo%2Fash%2Fank%2Fedy&srno=s_2_65&otracker=search&fm=organic&iid=c390e77d-e999-45ac-b228-bb1ba93217ae.TSHGRS6KGTWD2SHC.SEARCH&ppt=sp&ppn=sp&ssid=2ljd0vp3sg0000001791378345391&qH=e5e6f84d749db3eb&ov_redirect=true,Men,mens tshirts
Men Solid Mandarin Collar Cotton Blend Green T-Shirt,₹280,,https://www.flipkart.com/vebnor-solid-men-mandarin-collar-green-t-shirt/p/itmc72723f751567?pid=TSHHFYX3MFVDUZEY&lid=LSTTSHHFYX3MFVDUZEYHGEVYT&marketplace=FLIPKART&q=mens+tshirts&store=clo%2Fash%2Fank%2Fedy&srno=s_2_66&otracker=search&fm=organic&iid=c390e77d-e999-45ac-b228-bb1ba93217ae.TSHHFYX3MFVDUZEY.SEARCH&ppt=sp&ppn=sp&ssid=2ljd0vp3sg0000001791378345391&qH=e5e6f84d749db3eb&ov_redirect=true,Men,mens tshirts
"Pack of 2 Men Solid Polo Neck Polycotton Brown, Beige T...",₹460,,https://www.flipkart.com/yazole-solid-men-polo-neck-brown-beige-t-shirt/p/itmf0d066c9aa44a?pid=TSHHGGZNQVJXC8HQ&lid=LSTTSHHGGZNQVJXC8HQR2JZWF&marketplace=FLIPKART&q=mens+tshirts&store=clo%2Fash%2Fank%2Fedy&srno=s_2_67&otracker=search&fm=organic&iid=en_2neOjGSEPbQ_vN_BbF4cyYIIecWCCASXkVQT4tsf2VO1kZ8IRcaf1BJJ49Sj5dIyCWJFa2jhGah_UscEqqlb8ApkQ0r5PvVJ4fHaJJA8WTx6jwfnF20aEotZbBpUy4QW&ppt=sp&ppn=sp&ssid=2ljd0vp3sg0000001791378345391&qH=e5e6f84d749db3eb&ov_redirect=true,Pack,mens tshirts
"Pack of 2 Men Solid Polo Neck Polycotton Beige, Navy Bl...",₹488,,https://www.flipkart.com/yazole-solid-men-polo-neck-beige-navy-blue-t-shirt/p/itmbf69d4d54a2d1?pid=TSHHGGZNHZMQHDBH&lid=LSTTSHHGGZNHZMQHDBHAFCBAY&marketplace=FLIPKART&q=mens+tshirts&store=clo%2Fash%2Fank%2Fedy&srno=s_2_68&otracker=search&fm=organic&iid=en_2neOjGSEPbQ_vN_BbF4cyYIIecWCCASXkVQT4tsf2VNulYUbaB9OploC_rl9QsddrDZdjwb9PtaYcxsVQSU_bwpkQ0r5PvVJ4fHaJJA8WTx6jwfnF20aEotZbBpUy4QW&ppt=sp&ppn=sp&ssid=2ljd0vp3sg0000001791378345391&qH=e5e6f84d749db3eb&ov_redirect=true,Pack,mens tshirts
Men Printed Round Neck Cotton Blend White T-Shirt,₹260,,https://www.flipkart.com/velvet-shine-store-printed-men-round-neck-white-t-shirt/p/itme351a1c827d54?pid=TSHHNMX8GZ5JXDVY&lid=LSTTSHHNMX8GZ5JXDVYTWYF1L&marketplace=FLIPKART&q=mens+tshirts&store=clo%2Fash%2Fank%2Fedy&srno=s_2_69&otracker=search&fm=organic&iid=c390e77d-e999-45ac-b228-bb1ba93217ae.TSHHNMX8GZ5JXDVY.SEARCH&ppt=sp&ppn=sp&ssid=2ljd0vp3sg0000001791378345391&qH=e5e6f84d749db3eb&ov_redirect=true,Men,mens tshirts
Men Solid Polo Neck Pure Cotton Black T-Shirt,₹704,,https://www.flipkart.com/u-s-polo-assn-denim-co-solid-men-neck-black-t-shirt/p/itm3694563ff06df?pid=TSHHFBNB88JKN7JP&lid=LSTTSHHFBNB88JKN7JPNR5J1L&marketplace=FLIPKART&q=mens+tshirts&store=clo%2Fash%2Fank%2Fedy&srno=s_2_70&otracker=search&fm=organic&iid=c390e77d-e999-45ac-b228-bb1ba93217ae.TSHHFBNB88JKN7JP.SEARCH&ppt=sp&ppn=sp&ssid=2ljd0vp3sg0000001791378345391&qH=e5e6f84d749db3eb&ov_redirect=true,Men,mens tshirts
Men Solid Polo Neck Pure Cotton Green T-Shirt,₹616,,https://www.flipkart.com/snitch-solid-men-polo-neck-green-t-shirt/p/itmdc57465cc27e7?pid=TSHHQ8FHYTDCAWMX&lid=LSTTSHHQ8FHYTDCAWMXYILWZP&marketplace=FLIPKART&q=mens+tshirts&store=clo%2Fash%2Fank%2Fedy&srno=s_2_71&otracker=search&fm=organic&iid=en_2neOjGSEPbQ_vN_BbF4cyYIIecWCCASXkVQT4tsf2VMWNwtFSzNHsBC2LjeVJzxJTp6bxLsAgCByGkAwJ2yqng2oqcoxndE4ZQwCMWSTuJ92maA7tEn5eMihnjqgMVR4&ppt=sp&ppn=sp&ssid=2ljd0vp3sg0000001791378345391&qH=e5e6f84d749db3eb&ov_redirect=true,Men,mens tshirts
"Men Printed Round Neck Polyester Green, Blue T-Shirt",₹149,,https://www.flipkart.com/kajaru-printed-men-round-neck-green-blue-t-shirt/p/itm68f191baa44db?pid=TSHH8ZFWYJGQHMFC&lid=LSTTSHH8ZFWYJGQHMFCPLNK7K&marketplace=FLIPKART&q=mens+tshirts&store=clo%2Fash%2Fank%2Fedy&srno=s_2_72&otracker=search&fm=organic&iid=en_2neOjGSEPbQ_vN_BbF4cyYIIecWCCASXkVQT4tsf2VOK0UqGH3EkR7xarlkt-sjgEh4v13er6wP8OERX2RhdEJ8qeIxgI-wf9fovry9bJeUTSVUiLpQMeTdiJ4i-yIZs&ppt=sp&ppn=sp&ssid=2ljd0vp3sg0000001791378345391&qH=e5e6f84d749db3eb&ov_redirect=true,Men,mens tshirts
Men Striped Polo Neck Cotton Blend Blue T-Shirt,₹713,,https://www.flipkart.com/nautica-striped-men-polo-neck-blue-t-shirt/p/itm5e3ece58f0f6c?pid=TSHH3VKXNZCBCUBZ&lid=LSTTSHH3VKXNZCBCUBZDTSOXO&marketplace=FLIPKART&q=mens+tshirts&store=clo%2Fash%2Fank%2Fedy&srno=s_2_73&otracker=search&fm=organic&iid=c390e77d-e999-45ac-b228-bb1ba93217ae.TSHH3VKXNZCBCUBZ.SEARCH&ppt=sp&ppn=sp&ssid=2ljd0vp3sg0000001791378345391&qH=e5e6f84d749db3eb&ov_redirect=true,Men,mens tshirts
Men Solid Polo Neck Pure Cotton Green T-Shirt,₹246,,https://www.flipkart.com/dollar-solid-men-polo-neck-green-t-shirt/p/itmd06428b0a9548?pid=TSHHPEZYEYK5ATMK&lid=LSTTSHHPEZYEYK5ATMKZGC68G&marketplace=FLIPKART&q=mens+tshirts&store=clo%2Fash%2Fank%2Fedy&spotlightTagId=default_TrendingId_clo%2Fash%2Fank%2Fedy&srno=s_2_74&otracker=search&fm=organic&iid=c390e77d-e999-45ac-b228-bb1ba93217ae.TSHHPEZYEYK5ATMK.SEARCH&ppt=sp&ppn=sp&ssid=2ljd0vp3sg0000001791378345391&qH=e5e6f84d749db3eb&ov_redirect=true,Men,mens tshirts
Men Striped Round Neck Polyester Grey T-Shirt,₹333,,https://www.flipkart.com/eyebogler-striped-men-round-neck-grey-t-shirt/p/itm66884e61740d0?pid=TSHHNVDHK6TZSSX4&lid=LSTTSHHNVDHK6TZSSX4VXEDSS&marketplace=FLIPKART&q=mens+tshirts&store=clo%2Fash%2Fank%2Fedy&srno=s_2_75&otracker=search&fm=organic&iid=c390e77d-e999-45ac-b228-bb1ba93217ae.TSHHNVDHK6TZSSX4.SEARCH&ppt=sp&ppn=sp&ssid=2ljd0vp3sg0000001791378345391&qH=e5e6f84d749db3eb&ov_redirect=true,Men,mens tshirts
Men Solid Polo Neck Cotton Blend Blue T-Shirt,₹579,,https://www.flipkart.com/duke-solid-men-polo-neck-blue-t-shirt/p/itmb059ce8c58eb5?pid=TSHGYFPXCHQZEKFH&lid=LSTTSHGYFPXCHQZEKFHRCI50D&marketplace=FLIPKART&q=mens+tshirts&store=clo%2Fash%2Fank%2Fedy&srno=s_2_76&otracker=search&fm=organic&iid=c390e77d-e999-45ac-b228-bb1ba93217ae.TSHGYFPXCHQZEKFH.SEARCH&ppt=sp&ppn=sp&ssid=2ljd0vp3sg0000001791378345391&qH=e5e6f84d749db3eb&ov_redirect=true,Men,mens tshirts
Regular Fit Casual Men Solid Polo Neck Cotton Blend Nav...,₹949,,https://www.flipkart.com/louis-philippe-solid-men-polo-neck-navy-blue-t-shirt/p/itm31b147b1b4a8a?pid=TSHGV3T9FKFS845H&lid=LSTTSHGV3T9FKFS845HJ2BOUF&marketplace=FLIPKART&q=mens+tshirts&store=clo%2Fash%2Fank%2Fedy&srno=s_2_77&otracker=search&fm=organic&iid=en_2neOjGSEPbQ_vN_BbF4cyYIIecWCCASXkVQT4tsf2VMdDqVGfCqlDrLiZyBzT177BaoXTqrfz0djU_JiAP04qTaAxvx9sMzt2-njGjsq8X12maA7tEn5eMihnjqgMVR4&ppt=sp&ppn=sp&ssid=2ljd0vp3sg0000001791378345391&qH=e5e6f84d749db3eb&ov_redirect=true,Regular,mens tshirts
Men Self Design Polo Neck Polycotton Light Green T-Shir...,₹239,,https://www.flipkart.com/combraided-self-design-men-polo-neck-light-green-t-shirt/p/itm67681321bc57e?pid=TSHHG55QWBJSNNZE&lid=LSTTSHHG55QWBJSNNZEHWOZKX&marketplace=FLIPKART&q=mens+tshirts&store=clo%2Fash%2Fank%2Fedy&srno=s_2_78&otracker=search&fm=organic&iid=en_2neOjGSEPbQ_vN_BbF4cyYIIecWCCASXkVQT4tsf2VMXoxkHmu28-Hbvgjo6fwEu2NtVSWtry-pZO85S0fKJTYDwqegmBFESqMoQ02eD5cN6jwfnF20aEotZbBpUy4QW&ppt=sp&ppn=sp&ssid=2ljd0vp3sg0000001791378345391&qH=e5e6f84d749db3eb&ov_redirect=true,Men,mens tshirts
Men Solid Polo Neck Pure Cotton Black T-Shirt,₹246,,https://www.flipkart.com/dollar-solid-men-polo-neck-black-t-shirt/p/itm48442f3766d46?pid=TSHHDT9BSNPXJFRQ&lid=LSTTSHHDT9BSNPXJFRQAZVPJX&marketplace=FLIPKART&q=mens+tshirts&store=clo%2Fash%2Fank%2Fedy&srno=s_2_79&otracker=search&fm=organic&iid=c390e77d-e999-45ac-b228-bb1ba93217ae.TSHHDT9BSNPXJFRQ.SEARCH&ppt=sp&ppn=sp&ssid=2ljd0vp3sg0000001791378345391&qH=e5e6f84d749db3eb&ov_redirect=true,Men,mens tshirts
Men Striped Round Neck Polyester Light Green T-Shirt,₹266,,https://www.flipkart.com/vebnor-striped-men-round-neck-light-green-t-shirt/p/itmebd5c30bde204?pid=TSHHMQFWR9HZARHB&lid=LSTTSHHMQFWR9HZARHBDO1F1D&marketplace=FLIPKART&q=mens+tshirts&store=clo%2Fash%2Fank%2Fedy&srno=s_2_80&otracker=search&fm=organic&iid=c390e77d-e999-45ac-b228-bb1ba93217ae.TSHHMQFWR9HZARHB.SEARCH&ppt=sp&ppn=sp&ssid=2ljd0vp3sg0000001791378345391&qH=e5e6f84d749db3eb&ov_redirect=true,Men,mens tshirts
